error_rate,cosine_distance,cosine_similarity,euclidean_distance,manhattan_distance,original,final,word_count
0.0,0.0,1.0,0.0,0.0,The quick brown fox jumps over the lazy dog while the sun shines brightly in the clear blue sky,The quick brown fox jumps over the lazy dog while the sun shines brightly in the clear blue sky,19
0.05,0.0,1.0,0.0,0.0,Artificial intelligence systems can process vast amounts of data and identify complex patterns with remarkable accuracy and efficiency,Artificial intelligence systems can process vast amounts of data and identify complex patterns with remarkable accuracy and efficiency,18
0.1,0.0,1.0,0.0,0.0,Scientists around the world are working together to understand climate change and develop sustainable solutions for future generations,Scientists around the world are working together to understand climate change and develop sustainable solutions for future generations,18
0.15,0.0,1.0,0.0,0.0,Modern technology has transformed the way people communicate and share information across different cultures and geographic boundaries,Modern technology has transformed the way people communicate and share information across different cultures and geographic boundaries,17
0.2,0.0,1.0,0.0,0.0,Education plays a crucial role in developing critical thinking skills and preparing students for challenges in an ever-changing world,Education plays a crucial role in developing critical thinking skills and preparing students for challenges in an ever-changing world,18
0.25,0.0,1.0,0.0,0.0,Medical researchers are making significant progress in understanding diseases and developing innovative treatments that improve patient outcomes,Medical researchers are making significant progress in understanding diseases and developing innovative treatments that improve patient outcomes,17
0.3,0.0,1.0,0.0,0.0,The global economy depends on international trade and cooperation between nations to ensure prosperity and stability for all people,The global economy depends on international trade and cooperation between nations to ensure prosperity and stability for all people,18
0.35,0.0,1.0,0.0,0.0,Environmental conservation requires collective action and individual responsibility to protect natural resources and preserve biodiversity for future generations,Environmental conservation requires collective action and individual responsibility to protect natural resources and preserve biodiversity for future generations,18
0.4,0.0,1.0,0.0,0.0,Cultural diversity enriches societies by bringing different perspectives and traditions that contribute to creative innovation and mutual understanding,Cultural diversity enriches societies by bringing different perspectives and traditions that contribute to creative innovation and mutual understanding,17
0.45,0.0,1.0,0.0,0.0,Space exploration continues to inspire humanity and expand our knowledge of the universe while driving technological advancement and scientific discovery,Space exploration continues to inspire humanity and expand our knowledge of the universe while driving technological advancement and scientific discovery,18
0.5,0.0,1.0,0.0,0.0,Democratic societies thrive when citizens actively participate in civic processes and work together to address social challenges through dialogue and compromise,Democratic societies thrive when citizens actively participate in civic processes and work together to address social challenges through dialogue and compromise,19
